{
  "name": "HIGH",
  "trace_path": "/home/yunwei37/agentcgroup/experiments/all_images_haiku/dask__dask-11628/attempt_1/resources.json",
  "speed_factor": 50.0,
  "base_memory_mb": 100.0,
  "pid": 199117,
  "cgroup": "/sys/fs/cgroup/isolation_test/high_session",
  "events_before": {
    "low": 0,
    "high": 0,
    "max": 0,
    "oom": 0,
    "oom_kill": 0,
    "oom_group_kill": 0,
    "sock_throttled": 0
  },
  "trace_samples": 95,
  "trace_duration_sec": 98.33840608596802,
  "trace_mem_avg_mb": 197.8943154184442,
  "trace_mem_max_mb": 320.8999996185303,
  "start_time": 1770575778.203057,
  "completion_time_sec": 1.9670345783233643,
  "peak_memory_bytes": 441345638,
  "peak_memory_mb": 420.8999996185303,
  "oom_count": 0,
  "samples_processed": 95,
  "allocation_events_count": 81,
  "latency_stats": {
    "count": 61,
    "min_ms": 0.024557113647460938,
    "max_ms": 158.73432159423828,
    "avg_ms": 9.404721807260982,
    "p50_ms": 0.6539821624755859,
    "p95_ms": 35.2177619934082,
    "p99_ms": 158.73432159423828
  },
  "allocation_latencies_ms": [
    13.300180435180664,
    158.73432159423828,
    35.2177619934082,
    0.8029937744140625,
    0.43320655822753906,
    0.9987354278564453,
    3.8640499114990234,
    0.5366802215576172,
    17.2576904296875,
    1.1839866638183594,
    0.09489059448242188,
    0.6060600280761719,
    0.5338191986083984,
    5.6400299072265625,
    4.923105239868164,
    1.3127326965332031,
    1.93023681640625,
    4.689455032348633,
    3.578662872314453,
    0.0457763671875,
    4.55927848815918,
    17.565488815307617,
    1.001119613647461,
    7.625102996826172,
    5.962371826171875,
    0.11110305786132812,
    5.150794982910156,
    12.187957763671875,
    9.984970092773438,
    84.84911918640137,
    25.35223960876465,
    81.33888244628906,
    33.75077247619629,
    20.961761474609375,
    0.11444091796875,
    0.12946128845214844,
    0.1285076141357422,
    0.051021575927734375,
    0.1480579376220703,
    0.030994415283203125,
    0.02765655517578125,
    0.024557113647460938,
    0.15354156494140625,
    0.2288818359375,
    0.9188652038574219,
    0.43892860412597656,
    0.03910064697265625,
    0.09942054748535156,
    0.39887428283691406,
    0.16450881958007812,
    0.03361701965332031,
    0.4107952117919922,
    0.039577484130859375,
    1.119852066040039,
    0.6539821624755859,
    0.14281272888183594,
    0.6415843963623047,
    0.5419254302978516,
    0.7040500640869141,
    0.1289844512939453,
    0.08869171142578125
  ],
  "end_time": 1770575780.2991142,
  "total_time": 2.096057176589966,
  "events_after": {
    "low": 0,
    "high": 0,
    "max": 0,
    "oom": 0,
    "oom_kill": 0,
    "oom_group_kill": 0,
    "sock_throttled": 0
  },
  "events_delta": {
    "oom_kill": 0,
    "oom_group_kill": 0,
    "oom": 0,
    "max": 0,
    "low": 0,
    "sock_throttled": 0,
    "high": 0
  }
}