{
  "name": "LOW1",
  "trace_path": "/home/yunwei37/agentcgroup/experiments/all_images_haiku/sigmavirus24__github3.py-673/attempt_1/resources.json",
  "speed_factor": 50.0,
  "base_memory_mb": 100.0,
  "pid": 199118,
  "cgroup": "/sys/fs/cgroup/isolation_test/low_session_1",
  "events_before": {
    "low": 0,
    "high": 0,
    "max": 0,
    "oom": 0,
    "oom_kill": 0,
    "oom_group_kill": 0,
    "sock_throttled": 0
  },
  "trace_samples": 100,
  "trace_duration_sec": 102.71278190612793,
  "trace_mem_avg_mb": 211.29199959754945,
  "trace_mem_max_mb": 305.5,
  "start_time": 1770575778.2023365,
  "completion_time_sec": 2.073887586593628,
  "peak_memory_bytes": 425197568,
  "peak_memory_mb": 405.5,
  "oom_count": 0,
  "samples_processed": 100,
  "allocation_events_count": 68,
  "latency_stats": {
    "count": 55,
    "min_ms": 0.008344650268554688,
    "max_ms": 164.09015655517578,
    "avg_ms": 12.390453165227717,
    "p50_ms": 1.3630390167236328,
    "p95_ms": 74.2039680480957,
    "p99_ms": 164.09015655517578
  },
  "allocation_latencies_ms": [
    11.117696762084961,
    164.09015655517578,
    7.898569107055664,
    2.3856163024902344,
    0.0896453857421875,
    0.1742839813232422,
    0.19979476928710938,
    0.9129047393798828,
    1.7485618591308594,
    0.09489059448242188,
    0.10180473327636719,
    21.352529525756836,
    3.7217140197753906,
    2.087831497192383,
    46.597957611083984,
    0.07605552673339844,
    0.008344650268554688,
    0.017642974853515625,
    0.07224082946777344,
    0.03170967102050781,
    0.5288124084472656,
    79.85234260559082,
    1.7552375793457031,
    5.508661270141602,
    1.941680908203125,
    0.0514984130859375,
    0.041484832763671875,
    12.369155883789062,
    65.53483009338379,
    2.192974090576172,
    0.030755996704101562,
    1.3501644134521484,
    9.306907653808594,
    0.7956027984619141,
    0.033855438232421875,
    5.635738372802734,
    0.3955364227294922,
    41.089534759521484,
    74.2039680480957,
    3.450632095336914,
    5.357503890991211,
    0.28228759765625,
    0.9276866912841797,
    0.17404556274414062,
    0.08153915405273438,
    56.45871162414551,
    30.04741668701172,
    0.01049041748046875,
    1.0259151458740234,
    4.457712173461914,
    2.828359603881836,
    1.3630390167236328,
    1.0383129119873047,
    8.511781692504883,
    0.06079673767089844
  ],
  "end_time": 1770575780.4056053,
  "total_time": 2.2032687664031982,
  "events_after": {
    "low": 0,
    "high": 0,
    "max": 0,
    "oom": 0,
    "oom_kill": 0,
    "oom_group_kill": 0,
    "sock_throttled": 0
  },
  "events_delta": {
    "sock_throttled": 0,
    "high": 0,
    "max": 0,
    "low": 0,
    "oom_kill": 0,
    "oom_group_kill": 0,
    "oom": 0
  }
}