{
  "name": "HIGH",
  "trace_path": "/home/yunwei37/agentcgroup/experiments/all_images_haiku/dask__dask-11628/attempt_1/resources.json",
  "speed_factor": 50.0,
  "base_memory_mb": 100.0,
  "pid": 199758,
  "cgroup": "/sys/fs/cgroup/isolation_test/high_session",
  "events_before": {
    "low": 0,
    "high": 0,
    "max": 0,
    "oom": 0,
    "oom_kill": 0,
    "oom_group_kill": 0,
    "sock_throttled": 0
  },
  "trace_samples": 95,
  "trace_duration_sec": 98.33840608596802,
  "trace_mem_avg_mb": 197.8943154184442,
  "trace_mem_max_mb": 320.8999996185303,
  "start_time": 1770575852.4676144,
  "completion_time_sec": 1.9672191143035889,
  "peak_memory_bytes": 441345638,
  "peak_memory_mb": 420.8999996185303,
  "oom_count": 0,
  "samples_processed": 95,
  "allocation_events_count": 81,
  "latency_stats": {
    "count": 61,
    "min_ms": 0.020742416381835938,
    "max_ms": 145.9066867828369,
    "avg_ms": 10.328187317144675,
    "p50_ms": 0.7107257843017578,
    "p95_ms": 60.11676788330078,
    "p99_ms": 145.9066867828369
  },
  "allocation_latencies_ms": [
    11.671304702758789,
    145.9066867828369,
    111.02676391601562,
    1.6405582427978516,
    1.2984275817871094,
    1.5230178833007812,
    3.6911964416503906,
    0.5552768707275391,
    17.03929901123047,
    1.379251480102539,
    0.09870529174804688,
    0.6103515625,
    0.4367828369140625,
    7.18998908996582,
    3.632068634033203,
    1.9545555114746094,
    2.049684524536133,
    4.975795745849609,
    7.0953369140625,
    0.04267692565917969,
    12.978792190551758,
    28.876066207885742,
    2.0334720611572266,
    8.330583572387695,
    4.361152648925781,
    0.3409385681152344,
    4.706144332885742,
    11.231184005737305,
    7.8125,
    60.11676788330078,
    25.783300399780273,
    88.0424976348877,
    22.62258529663086,
    20.844459533691406,
    0.09918212890625,
    0.22482872009277344,
    0.2281665802001953,
    0.0476837158203125,
    0.06794929504394531,
    0.021219253540039062,
    0.03361701965332031,
    0.020742416381835938,
    0.06842613220214844,
    0.6673336029052734,
    0.44035911560058594,
    0.7107257843017578,
    0.0362396240234375,
    0.06389617919921875,
    0.31566619873046875,
    0.16736984252929688,
    0.024080276489257812,
    0.5819797515869141,
    0.06103515625,
    0.8251667022705078,
    0.6496906280517578,
    0.11348724365234375,
    0.5161762237548828,
    0.5435943603515625,
    1.4071464538574219,
    0.09799003601074219,
    0.08749961853027344
  ],
  "end_time": 1770575854.5737782,
  "total_time": 2.106163740158081,
  "events_after": {
    "low": 0,
    "high": 0,
    "max": 0,
    "oom": 0,
    "oom_kill": 0,
    "oom_group_kill": 0,
    "sock_throttled": 0
  },
  "events_delta": {
    "max": 0,
    "sock_throttled": 0,
    "oom": 0,
    "oom_group_kill": 0,
    "oom_kill": 0,
    "high": 0,
    "low": 0
  }
}