{
  "name": "LOW1",
  "trace_path": "/home/yunwei37/agentcgroup/experiments/all_images_haiku/sigmavirus24__github3.py-673/attempt_1/resources.json",
  "speed_factor": 50.0,
  "base_memory_mb": 100.0,
  "pid": 199759,
  "cgroup": "/sys/fs/cgroup/isolation_test/low_session_1",
  "events_before": {
    "low": 0,
    "high": 0,
    "max": 0,
    "oom": 0,
    "oom_kill": 0,
    "oom_group_kill": 0,
    "sock_throttled": 0
  },
  "trace_samples": 100,
  "trace_duration_sec": 102.71278190612793,
  "trace_mem_avg_mb": 211.29199959754945,
  "trace_mem_max_mb": 305.5,
  "start_time": 1770575852.4341192,
  "completion_time_sec": 2.0769879817962646,
  "peak_memory_bytes": 425197568,
  "peak_memory_mb": 405.5,
  "oom_count": 0,
  "samples_processed": 100,
  "allocation_events_count": 68,
  "latency_stats": {
    "count": 55,
    "min_ms": 0.010728836059570312,
    "max_ms": 148.1785774230957,
    "avg_ms": 11.614734476262873,
    "p50_ms": 1.5039443969726562,
    "p95_ms": 74.82671737670898,
    "p99_ms": 148.1785774230957
  },
  "allocation_latencies_ms": [
    11.438131332397461,
    148.1785774230957,
    8.217096328735352,
    1.67083740234375,
    0.06914138793945312,
    0.22077560424804688,
    0.1735687255859375,
    1.4619827270507812,
    2.4955272674560547,
    0.15115737915039062,
    0.7941722869873047,
    15.892982482910156,
    2.503633499145508,
    1.3773441314697266,
    8.29935073852539,
    0.07748603820800781,
    0.022649765014648438,
    0.02384185791015625,
    0.11157989501953125,
    0.05221366882324219,
    0.07176399230957031,
    74.82671737670898,
    3.885030746459961,
    5.405426025390625,
    2.305746078491211,
    0.033855438232421875,
    0.03910064697265625,
    11.744260787963867,
    70.1608657836914,
    5.562782287597656,
    0.02956390380859375,
    1.5039443969726562,
    10.560989379882812,
    0.6735324859619141,
    0.021696090698242188,
    6.61778450012207,
    0.34880638122558594,
    54.354190826416016,
    60.29510498046875,
    4.46009635925293,
    3.0128955841064453,
    0.3254413604736328,
    0.6372928619384766,
    0.06103515625,
    0.052928924560546875,
    83.20927619934082,
    26.47876739501953,
    0.010728836059570312,
    0.07963180541992188,
    2.399921417236328,
    2.1135807037353516,
    0.8320808410644531,
    1.5978813171386719,
    1.848459243774414,
    0.0171661376953125
  ],
  "end_time": 1770575854.6718788,
  "total_time": 2.237759590148926,
  "events_after": {
    "low": 0,
    "high": 0,
    "max": 0,
    "oom": 0,
    "oom_kill": 0,
    "oom_group_kill": 0,
    "sock_throttled": 0
  },
  "events_delta": {
    "max": 0,
    "oom_kill": 0,
    "low": 0,
    "sock_throttled": 0,
    "oom": 0,
    "high": 0,
    "oom_group_kill": 0
  }
}