{
  "name": "LOW2",
  "trace_path": "/home/yunwei37/agentcgroup/experiments/all_images_haiku/sigmavirus24__github3.py-673/attempt_1/resources.json",
  "speed_factor": 50.0,
  "base_memory_mb": 100.0,
  "pid": 199760,
  "cgroup": "/sys/fs/cgroup/isolation_test/low_session_2",
  "events_before": {
    "low": 0,
    "high": 0,
    "max": 0,
    "oom": 0,
    "oom_kill": 0,
    "oom_group_kill": 0,
    "sock_throttled": 0
  },
  "trace_samples": 100,
  "trace_duration_sec": 102.71278190612793,
  "trace_mem_avg_mb": 211.29199959754945,
  "trace_mem_max_mb": 305.5,
  "start_time": 1770575852.4446177,
  "completion_time_sec": 2.0692594051361084,
  "peak_memory_bytes": 425197568,
  "peak_memory_mb": 405.5,
  "oom_count": 0,
  "samples_processed": 100,
  "allocation_events_count": 68,
  "latency_stats": {
    "count": 55,
    "min_ms": 0.021696090698242188,
    "max_ms": 144.46520805358887,
    "avg_ms": 10.591914437033914,
    "p50_ms": 1.522064208984375,
    "p95_ms": 64.70036506652832,
    "p99_ms": 144.46520805358887
  },
  "allocation_latencies_ms": [
    10.416746139526367,
    144.46520805358887,
    9.1552734375,
    1.6911029815673828,
    0.07033348083496094,
    0.19359588623046875,
    0.18978118896484375,
    2.25067138671875,
    2.5076866149902344,
    0.1442432403564453,
    0.4658699035644531,
    16.37411117553711,
    3.1898021697998047,
    1.38092041015625,
    7.984161376953125,
    0.19788742065429688,
    0.022411346435546875,
    0.03457069396972656,
    1.0521411895751953,
    0.08130073547363281,
    0.2703666687011719,
    68.30143928527832,
    3.390789031982422,
    6.308794021606445,
    2.007007598876953,
    0.16641616821289062,
    0.041961669921875,
    9.284734725952148,
    55.461883544921875,
    6.891012191772461,
    0.04410743713378906,
    1.8563270568847656,
    10.071039199829102,
    0.8115768432617188,
    0.06079673767089844,
    5.49769401550293,
    0.5109310150146484,
    34.900665283203125,
    56.12301826477051,
    5.554914474487305,
    3.9064884185791016,
    0.3190040588378906,
    0.2219676971435547,
    0.09703636169433594,
    0.36787986755371094,
    64.70036506652832,
    34.00254249572754,
    0.024080276489257812,
    0.08511543273925781,
    3.0755996704101562,
    1.4548301696777344,
    0.8726119995117188,
    2.4607181549072266,
    1.522064208984375,
    0.021696090698242188
  ],
  "end_time": 1770575854.6638799,
  "total_time": 2.21926212310791,
  "events_after": {
    "low": 0,
    "high": 0,
    "max": 0,
    "oom": 0,
    "oom_kill": 0,
    "oom_group_kill": 0,
    "sock_throttled": 0
  },
  "events_delta": {
    "high": 0,
    "oom_kill": 0,
    "sock_throttled": 0,
    "oom": 0,
    "low": 0,
    "oom_group_kill": 0,
    "max": 0
  }
}