{
  "name": "bpf",
  "trace_path": "/home/yunwei37/agentcgroup/experiments/all_images_haiku/dask__dask-11628/attempt_1/resources.json",
  "speed_factor": 50.0,
  "base_memory_mb": 100.0,
  "pid": 214989,
  "cgroup": "/sys/fs/cgroup/overhead_test/test_session",
  "events_before": {
    "low": 0,
    "high": 0,
    "max": 0,
    "oom": 0,
    "oom_kill": 0,
    "oom_group_kill": 0,
    "sock_throttled": 0
  },
  "trace_samples": 95,
  "trace_duration_sec": 98.33840608596802,
  "trace_mem_avg_mb": 197.8943154184442,
  "trace_mem_max_mb": 320.8999996185303,
  "start_time": 1770587757.0458586,
  "completion_time_sec": 1.9674196243286133,
  "peak_memory_bytes": 441345638,
  "peak_memory_mb": 420.8999996185303,
  "oom_count": 0,
  "samples_processed": 95,
  "allocation_events_count": 81,
  "latency_stats": {
    "count": 61,
    "min_ms": 0.015974044799804688,
    "max_ms": 141.831636428833,
    "avg_ms": 10.750403169725763,
    "p50_ms": 0.9655952453613281,
    "p95_ms": 44.37756538391113,
    "p99_ms": 141.831636428833
  },
  "allocation_latencies_ms": [
    11.105775833129883,
    141.831636428833,
    38.94519805908203,
    1.0771751403808594,
    0.44083595275878906,
    1.2021064758300781,
    2.9807090759277344,
    0.5388259887695312,
    18.210172653198242,
    1.6028881072998047,
    0.11563301086425781,
    0.7607936859130859,
    0.60272216796875,
    24.550676345825195,
    7.137775421142578,
    1.0585784912109375,
    2.257108688354492,
    7.866621017456055,
    5.669116973876953,
    0.036716461181640625,
    9.714126586914062,
    44.37756538391113,
    3.0536651611328125,
    14.991044998168945,
    7.930278778076172,
    0.5011558532714844,
    3.606081008911133,
    29.131174087524414,
    7.968902587890625,
    58.667898178100586,
    21.74544334411621,
    107.07712173461914,
    28.389930725097656,
    29.56390380859375,
    0.10347366333007812,
    0.1494884490966797,
    0.1068115234375,
    0.039577484130859375,
    0.05817413330078125,
    0.015974044799804688,
    0.022649765014648438,
    0.023603439331054688,
    0.10943412780761719,
    0.20551681518554688,
    0.2899169921875,
    0.9655952453613281,
    0.12755393981933594,
    0.12087821960449219,
    0.5297660827636719,
    0.2651214599609375,
    0.024557113647460938,
    0.3161430358886719,
    0.04410743713378906,
    2.54058837890625,
    12.027740478515625,
    1.0571479797363281,
    0.6051063537597656,
    0.5247592926025391,
    0.3941059112548828,
    0.10943412780761719,
    0.2880096435546875
  ],
  "end_time": 1770587759.1938941,
  "total_time": 2.1480355262756348,
  "events_after": {
    "low": 0,
    "high": 0,
    "max": 0,
    "oom": 0,
    "oom_kill": 0,
    "oom_group_kill": 0,
    "sock_throttled": 0
  },
  "events_delta": {
    "oom_kill": 0,
    "oom": 0,
    "oom_group_kill": 0,
    "max": 0,
    "sock_throttled": 0,
    "high": 0,
    "low": 0
  }
}