{
  "name": "no",
  "trace_path": "/home/yunwei37/agentcgroup/experiments/all_images_haiku/dask__dask-11628/attempt_1/resources.json",
  "speed_factor": 50.0,
  "base_memory_mb": 100.0,
  "pid": 214470,
  "cgroup": "/sys/fs/cgroup/overhead_test/test_session",
  "events_before": {
    "low": 0,
    "high": 0,
    "max": 0,
    "oom": 0,
    "oom_kill": 0,
    "oom_group_kill": 0,
    "sock_throttled": 0
  },
  "trace_samples": 95,
  "trace_duration_sec": 98.33840608596802,
  "trace_mem_avg_mb": 197.8943154184442,
  "trace_mem_max_mb": 320.8999996185303,
  "start_time": 1770587709.570823,
  "completion_time_sec": 1.967698097229004,
  "peak_memory_bytes": 441345638,
  "peak_memory_mb": 420.8999996185303,
  "oom_count": 0,
  "samples_processed": 95,
  "allocation_events_count": 81,
  "latency_stats": {
    "count": 61,
    "min_ms": 0.022172927856445312,
    "max_ms": 284.26098823547363,
    "avg_ms": 13.334446266049245,
    "p50_ms": 0.9794235229492188,
    "p95_ms": 53.162574768066406,
    "p99_ms": 284.26098823547363
  },
  "allocation_latencies_ms": [
    33.26272964477539,
    284.26098823547363,
    37.57047653198242,
    0.8697509765625,
    0.5674362182617188,
    1.5902519226074219,
    5.983829498291016,
    1.0952949523925781,
    42.252540588378906,
    4.5490264892578125,
    0.17309188842773438,
    1.2524127960205078,
    1.4240741729736328,
    16.533613204956055,
    4.974842071533203,
    0.9927749633789062,
    1.3518333435058594,
    7.3986053466796875,
    7.104396820068359,
    0.051021575927734375,
    8.729696273803711,
    53.162574768066406,
    2.8848648071289062,
    19.06108856201172,
    6.215333938598633,
    0.1728534698486328,
    9.987354278564453,
    12.687206268310547,
    17.629146575927734,
    66.03121757507324,
    20.08509635925293,
    93.16396713256836,
    24.92666244506836,
    17.591238021850586,
    0.10132789611816406,
    0.13303756713867188,
    0.15163421630859375,
    0.04935264587402344,
    0.08511543273925781,
    0.022411346435546875,
    0.022172927856445312,
    0.022411346435546875,
    0.06651878356933594,
    0.20647048950195312,
    0.2689361572265625,
    0.16379356384277344,
    0.034809112548828125,
    0.041484832763671875,
    0.5290508270263672,
    0.431060791015625,
    0.0514984130859375,
    0.7739067077636719,
    0.09942054748535156,
    0.9794235229492188,
    0.47898292541503906,
    0.07200241088867188,
    0.43773651123046875,
    0.957489013671875,
    1.0182857513427734,
    0.25582313537597656,
    0.3597736358642578
  ],
  "end_time": 1770587711.7516608,
  "total_time": 2.180837869644165,
  "events_after": {
    "low": 0,
    "high": 0,
    "max": 0,
    "oom": 0,
    "oom_kill": 0,
    "oom_group_kill": 0,
    "sock_throttled": 0
  },
  "events_delta": {
    "oom": 0,
    "max": 0,
    "oom_kill": 0,
    "sock_throttled": 0,
    "oom_group_kill": 0,
    "low": 0,
    "high": 0
  }
}