{
  "name": "bpf",
  "trace_path": "/home/yunwei37/agentcgroup/experiments/all_images_haiku/dask__dask-11628/attempt_1/resources.json",
  "speed_factor": 50.0,
  "base_memory_mb": 100.0,
  "pid": 214097,
  "cgroup": "/sys/fs/cgroup/overhead_test/test_session",
  "events_before": {
    "low": 0,
    "high": 0,
    "max": 0,
    "oom": 0,
    "oom_kill": 0,
    "oom_group_kill": 0,
    "sock_throttled": 0
  },
  "trace_samples": 95,
  "trace_duration_sec": 98.33840608596802,
  "trace_mem_avg_mb": 197.8943154184442,
  "trace_mem_max_mb": 320.8999996185303,
  "start_time": 1770587680.518011,
  "completion_time_sec": 1.9674780368804932,
  "peak_memory_bytes": 441345638,
  "peak_memory_mb": 420.8999996185303,
  "oom_count": 0,
  "samples_processed": 95,
  "allocation_events_count": 81,
  "latency_stats": {
    "count": 61,
    "min_ms": 0.02765655517578125,
    "max_ms": 255.8286190032959,
    "avg_ms": 13.815719573224177,
    "p50_ms": 1.0509490966796875,
    "p95_ms": 66.41173362731934,
    "p99_ms": 255.8286190032959
  },
  "allocation_latencies_ms": [
    20.763874053955078,
    255.8286190032959,
    66.41173362731934,
    1.589059829711914,
    0.7174015045166016,
    1.569986343383789,
    3.7147998809814453,
    3.3559799194335938,
    32.60636329650879,
    1.806020736694336,
    0.110626220703125,
    1.0509490966796875,
    0.7565021514892578,
    5.880832672119141,
    6.721735000610352,
    0.8103847503662109,
    1.7423629760742188,
    5.707740783691406,
    4.859447479248047,
    0.04458427429199219,
    5.400419235229492,
    30.469894409179688,
    1.8067359924316406,
    9.449005126953125,
    4.274606704711914,
    0.11897087097167969,
    5.332231521606445,
    14.65296745300293,
    9.108781814575195,
    96.32682800292969,
    33.57696533203125,
    128.6163330078125,
    43.443918228149414,
    35.14528274536133,
    0.17118453979492188,
    0.24437904357910156,
    0.29754638671875,
    0.07128715515136719,
    0.09918212890625,
    0.030279159545898438,
    0.030755996704101562,
    0.03361701965332031,
    0.2410411834716797,
    0.36215782165527344,
    0.42247772216796875,
    0.23126602172851562,
    0.05626678466796875,
    0.05602836608886719,
    0.2772808074951172,
    0.2703666687011719,
    0.02765655517578125,
    0.29730796813964844,
    0.044345855712890625,
    1.2319087982177734,
    0.8358955383300781,
    0.12159347534179688,
    0.5829334259033203,
    1.3310909271240234,
    1.3649463653564453,
    0.1652240753173828,
    0.08893013000488281
  ],
  "end_time": 1770587682.6672168,
  "total_time": 2.1492056846618652,
  "events_after": {
    "low": 0,
    "high": 0,
    "max": 0,
    "oom": 0,
    "oom_kill": 0,
    "oom_group_kill": 0,
    "sock_throttled": 0
  },
  "events_delta": {
    "sock_throttled": 0,
    "low": 0,
    "oom": 0,
    "oom_kill": 0,
    "oom_group_kill": 0,
    "max": 0,
    "high": 0
  }
}