{
  "name": "no",
  "trace_path": "/home/yunwei37/agentcgroup/experiments/all_images_haiku/dask__dask-11628/attempt_1/resources.json",
  "speed_factor": 50.0,
  "base_memory_mb": 100.0,
  "pid": 214896,
  "cgroup": "/sys/fs/cgroup/overhead_test/test_session",
  "events_before": {
    "low": 0,
    "high": 0,
    "max": 0,
    "oom": 0,
    "oom_kill": 0,
    "oom_group_kill": 0,
    "sock_throttled": 0
  },
  "trace_samples": 95,
  "trace_duration_sec": 98.33840608596802,
  "trace_mem_avg_mb": 197.8943154184442,
  "trace_mem_max_mb": 320.8999996185303,
  "start_time": 1770587748.2623632,
  "completion_time_sec": 1.970046043395996,
  "peak_memory_bytes": 441345638,
  "peak_memory_mb": 420.8999996185303,
  "oom_count": 0,
  "samples_processed": 95,
  "allocation_events_count": 81,
  "latency_stats": {
    "count": 61,
    "min_ms": 0.015974044799804688,
    "max_ms": 248.85797500610352,
    "avg_ms": 15.051912088863185,
    "p50_ms": 1.0373592376708984,
    "p95_ms": 59.11874771118164,
    "p99_ms": 248.85797500610352
  },
  "allocation_latencies_ms": [
    20.093917846679688,
    248.85797500610352,
    34.88349914550781,
    0.8606910705566406,
    0.4661083221435547,
    1.1034011840820312,
    2.722501754760742,
    0.49877166748046875,
    16.68095588684082,
    1.2793540954589844,
    0.09918212890625,
    0.6089210510253906,
    0.4336833953857422,
    4.112482070922852,
    4.12440299987793,
    1.222372055053711,
    1.6965866088867188,
    5.321502685546875,
    5.804538726806641,
    0.04458427429199219,
    9.237289428710938,
    36.54932975769043,
    2.446889877319336,
    11.792182922363281,
    7.555484771728516,
    0.12087821960449219,
    3.4444332122802734,
    10.898113250732422,
    12.717247009277344,
    108.51931571960449,
    55.63545227050781,
    210.73555946350098,
    59.11874771118164,
    21.90423011779785,
    0.11563301086425781,
    0.14662742614746094,
    0.13256072998046875,
    0.046253204345703125,
    0.06842613220214844,
    0.015974044799804688,
    0.015974044799804688,
    0.016450881958007812,
    0.06723403930664062,
    0.13899803161621094,
    0.4754066467285156,
    0.5433559417724609,
    0.08106231689453125,
    0.10967254638671875,
    0.5364418029785156,
    0.5297660827636719,
    0.7464885711669922,
    0.4277229309082031,
    1.5726089477539062,
    1.4753341674804688,
    5.348920822143555,
    0.25916099548339844,
    1.0373592376708984,
    1.491546630859375,
    0.6778240203857422,
    0.15783309936523438,
    0.3414154052734375
  ],
  "end_time": 1770587750.5022805,
  "total_time": 2.239917278289795,
  "events_after": {
    "low": 0,
    "high": 0,
    "max": 0,
    "oom": 0,
    "oom_kill": 0,
    "oom_group_kill": 0,
    "sock_throttled": 0
  },
  "events_delta": {
    "high": 0,
    "low": 0,
    "sock_throttled": 0,
    "max": 0,
    "oom_kill": 0,
    "oom_group_kill": 0,
    "oom": 0
  }
}