{
  "name": "bpf",
  "trace_path": "/home/yunwei37/agentcgroup/experiments/all_images_haiku/dask__dask-11628/attempt_1/resources.json",
  "speed_factor": 50.0,
  "base_memory_mb": 100.0,
  "pid": 214551,
  "cgroup": "/sys/fs/cgroup/overhead_test/test_session",
  "events_before": {
    "low": 0,
    "high": 0,
    "max": 0,
    "oom": 0,
    "oom_kill": 0,
    "oom_group_kill": 0,
    "sock_throttled": 0
  },
  "trace_samples": 95,
  "trace_duration_sec": 98.33840608596802,
  "trace_mem_avg_mb": 197.8943154184442,
  "trace_mem_max_mb": 320.8999996185303,
  "start_time": 1770587718.362978,
  "completion_time_sec": 1.9671826362609863,
  "peak_memory_bytes": 441345638,
  "peak_memory_mb": 420.8999996185303,
  "oom_count": 0,
  "samples_processed": 95,
  "allocation_events_count": 81,
  "latency_stats": {
    "count": 61,
    "min_ms": 0.02193450927734375,
    "max_ms": 148.3170986175537,
    "avg_ms": 11.800140631003458,
    "p50_ms": 1.1096000671386719,
    "p95_ms": 56.06985092163086,
    "p99_ms": 148.3170986175537
  },
  "allocation_latencies_ms": [
    11.297225952148438,
    148.3170986175537,
    48.605918884277344,
    1.1096000671386719,
    0.6318092346191406,
    2.1562576293945312,
    4.413127899169922,
    4.027605056762695,
    17.975330352783203,
    1.2333393096923828,
    0.10371208190917969,
    0.957489013671875,
    0.7519721984863281,
    5.759000778198242,
    3.4112930297851562,
    0.9152889251708984,
    1.220703125,
    7.081747055053711,
    4.066944122314453,
    0.04100799560546875,
    5.872249603271484,
    23.49996566772461,
    1.2905597686767578,
    9.494304656982422,
    3.6308765411376953,
    0.21314620971679688,
    5.0029754638671875,
    12.468576431274414,
    17.32921600341797,
    94.93827819824219,
    43.05410385131836,
    114.61639404296875,
    56.06985092163086,
    51.31864547729492,
    0.20551681518554688,
    0.2789497375488281,
    0.2982616424560547,
    0.19288063049316406,
    0.09298324584960938,
    0.02193450927734375,
    0.023365020751953125,
    0.038623809814453125,
    0.13303756713867188,
    0.3476142883300781,
    4.389524459838867,
    0.3037452697753906,
    0.10061264038085938,
    0.08106231689453125,
    0.33974647521972656,
    3.423929214477539,
    0.04458427429199219,
    0.5643367767333984,
    0.07104873657226562,
    1.6510486602783203,
    1.1112689971923828,
    0.8652210235595703,
    0.7426738739013672,
    1.0170936584472656,
    0.4031658172607422,
    0.09512901306152344,
    0.09560585021972656
  ],
  "end_time": 1770587720.5207422,
  "total_time": 2.157764196395874,
  "events_after": {
    "low": 0,
    "high": 0,
    "max": 0,
    "oom": 0,
    "oom_kill": 0,
    "oom_group_kill": 0,
    "sock_throttled": 0
  },
  "events_delta": {
    "oom": 0,
    "oom_group_kill": 0,
    "oom_kill": 0,
    "low": 0,
    "sock_throttled": 0,
    "max": 0,
    "high": 0
  }
}