{
  "name": "no",
  "trace_path": "/home/yunwei37/agentcgroup/experiments/all_images_haiku/dask__dask-11628/attempt_1/resources.json",
  "speed_factor": 50.0,
  "base_memory_mb": 100.0,
  "pid": 213981,
  "cgroup": "/sys/fs/cgroup/overhead_test/test_session",
  "events_before": {
    "low": 0,
    "high": 0,
    "max": 0,
    "oom": 0,
    "oom_kill": 0,
    "oom_group_kill": 0,
    "sock_throttled": 0
  },
  "trace_samples": 95,
  "trace_duration_sec": 98.33840608596802,
  "trace_mem_avg_mb": 197.8943154184442,
  "trace_mem_max_mb": 320.8999996185303,
  "start_time": 1770587671.6812785,
  "completion_time_sec": 2.032167673110962,
  "peak_memory_bytes": 441345638,
  "peak_memory_mb": 420.8999996185303,
  "oom_count": 0,
  "samples_processed": 95,
  "allocation_events_count": 81,
  "latency_stats": {
    "count": 61,
    "min_ms": 0.03528594970703125,
    "max_ms": 317.0156478881836,
    "avg_ms": 18.6936972571201,
    "p50_ms": 0.9441375732421875,
    "p95_ms": 79.56957817077637,
    "p99_ms": 317.0156478881836
  },
  "allocation_latencies_ms": [
    8.496761322021484,
    317.0156478881836,
    79.56957817077637,
    4.169225692749023,
    0.6914138793945312,
    8.061647415161133,
    4.221916198730469,
    0.8792877197265625,
    34.53254699707031,
    6.719112396240234,
    0.1392364501953125,
    1.020193099975586,
    0.6396770477294922,
    7.286548614501953,
    6.757259368896484,
    0.888824462890625,
    1.867055892944336,
    5.753755569458008,
    9.556055068969727,
    0.05984306335449219,
    9.987354278564453,
    21.64745330810547,
    8.438825607299805,
    16.577720642089844,
    3.0624866485595703,
    0.16641616821289062,
    6.213903427124023,
    17.997026443481445,
    17.255306243896484,
    139.02974128723145,
    58.365821838378906,
    204.6043872833252,
    78.69744300842285,
    41.88823699951172,
    7.56072998046875,
    0.3323554992675781,
    0.5550384521484375,
    0.10538101196289062,
    0.5457401275634766,
    0.07271766662597656,
    0.03528594970703125,
    0.0362396240234375,
    0.14472007751464844,
    0.30231475830078125,
    0.9424686431884766,
    0.5123615264892578,
    0.05745887756347656,
    0.06437301635742188,
    0.3559589385986328,
    0.4055500030517578,
    0.035762786865234375,
    1.3020038604736328,
    0.07009506225585938,
    0.7350444793701172,
    0.9765625,
    0.12063980102539062,
    0.9441375732421875,
    0.8711814880371094,
    0.6628036499023438,
    0.23126602172851562,
    0.07963180541992188
  ],
  "end_time": 1770587674.021435,
  "total_time": 2.3401565551757812,
  "events_after": {
    "low": 0,
    "high": 0,
    "max": 0,
    "oom": 0,
    "oom_kill": 0,
    "oom_group_kill": 0,
    "sock_throttled": 0
  },
  "events_delta": {
    "max": 0,
    "sock_throttled": 0,
    "high": 0,
    "oom": 0,
    "oom_kill": 0,
    "low": 0,
    "oom_group_kill": 0
  }
}