{
  "name": "HIGH",
  "trace_path": "/home/yunwei37/agentcgroup/experiments/all_images_haiku/dask__dask-11628/attempt_1/resources.json",
  "speed_factor": 50.0,
  "base_memory_mb": 100.0,
  "pid": 199925,
  "cgroup": "/sys/fs/cgroup/isolation_test/high_session",
  "events_before": {
    "low": 0,
    "high": 0,
    "max": 0,
    "oom": 0,
    "oom_kill": 0,
    "oom_group_kill": 0,
    "sock_throttled": 0
  },
  "trace_samples": 95,
  "trace_duration_sec": 98.33840608596802,
  "trace_mem_avg_mb": 197.8943154184442,
  "trace_mem_max_mb": 320.8999996185303,
  "start_time": 1770575867.8445504,
  "completion_time_sec": 1.9670305252075195,
  "peak_memory_bytes": 441345638,
  "peak_memory_mb": 420.8999996185303,
  "oom_count": 0,
  "samples_processed": 95,
  "allocation_events_count": 81,
  "latency_stats": {
    "count": 61,
    "min_ms": 0.013828277587890625,
    "max_ms": 209.78856086730957,
    "avg_ms": 13.66246723737873,
    "p50_ms": 0.70953369140625,
    "p95_ms": 65.47093391418457,
    "p99_ms": 209.78856086730957
  },
  "allocation_latencies_ms": [
    16.60442352294922,
    209.78856086730957,
    59.28397178649902,
    4.261970520019531,
    0.5230903625488281,
    1.5325546264648438,
    3.7775039672851562,
    0.6554126739501953,
    31.329870223999023,
    1.7151832580566406,
    0.10991096496582031,
    1.1665821075439453,
    0.6260871887207031,
    7.983207702636719,
    5.444765090942383,
    0.8878707885742188,
    1.3670921325683594,
    5.256175994873047,
    16.141891479492188,
    0.028133392333984375,
    6.856441497802734,
    44.49796676635742,
    1.0826587677001953,
    7.848501205444336,
    1.8849372863769531,
    0.072479248046875,
    3.706216812133789,
    9.070396423339844,
    6.8511962890625,
    100.62789916992188,
    33.991098403930664,
    151.19481086730957,
    65.47093391418457,
    24.774789810180664,
    0.10180473327636719,
    0.1423358917236328,
    0.10418891906738281,
    0.03910064697265625,
    0.058650970458984375,
    0.013828277587890625,
    0.015020370483398438,
    0.013828277587890625,
    0.07104873657226562,
    0.18715858459472656,
    0.5602836608886719,
    0.2200603485107422,
    0.04982948303222656,
    0.12683868408203125,
    0.23889541625976562,
    0.70953369140625,
    0.027894973754882812,
    0.5741119384765625,
    0.05650520324707031,
    0.46634674072265625,
    0.4439353942871094,
    0.10085105895996094,
    0.9441375732421875,
    0.6983280181884766,
    0.8082389831542969,
    0.1544952392578125,
    0.06866455078125
  ],
  "end_time": 1770575870.076448,
  "total_time": 2.2318975925445557,
  "events_after": {
    "low": 0,
    "high": 0,
    "max": 0,
    "oom": 0,
    "oom_kill": 0,
    "oom_group_kill": 0,
    "sock_throttled": 0
  },
  "events_delta": {
    "sock_throttled": 0,
    "oom": 0,
    "high": 0,
    "max": 0,
    "low": 0,
    "oom_group_kill": 0,
    "oom_kill": 0
  }
}