{
  "name": "LOW1",
  "trace_path": "/home/yunwei37/agentcgroup/experiments/all_images_haiku/sigmavirus24__github3.py-673/attempt_1/resources.json",
  "speed_factor": 50.0,
  "base_memory_mb": 100.0,
  "pid": 199926,
  "cgroup": "/sys/fs/cgroup/isolation_test/low_session_1",
  "events_before": {
    "low": 0,
    "high": 0,
    "max": 0,
    "oom": 0,
    "oom_kill": 0,
    "oom_group_kill": 0,
    "sock_throttled": 0
  },
  "trace_samples": 100,
  "trace_duration_sec": 102.71278190612793,
  "trace_mem_avg_mb": 211.29199959754945,
  "trace_mem_max_mb": 305.5,
  "start_time": 1770575867.8434663,
  "completion_time_sec": 2.0651533603668213,
  "peak_memory_bytes": 425197568,
  "peak_memory_mb": 405.5,
  "oom_count": 0,
  "samples_processed": 100,
  "allocation_events_count": 68,
  "latency_stats": {
    "count": 55,
    "min_ms": 0.01621246337890625,
    "max_ms": 270.10655403137207,
    "avg_ms": 18.532271818681195,
    "p50_ms": 2.078533172607422,
    "p95_ms": 93.82939338684082,
    "p99_ms": 270.10655403137207
  },
  "allocation_latencies_ms": [
    14.717578887939453,
    224.03717041015625,
    10.679960250854492,
    2.078533172607422,
    0.07891654968261719,
    0.21338462829589844,
    0.3685951232910156,
    1.2447834014892578,
    3.0066967010498047,
    0.14972686767578125,
    0.141143798828125,
    21.567583084106445,
    2.734661102294922,
    1.8160343170166016,
    9.217500686645508,
    0.12612342834472656,
    0.021696090698242188,
    0.02193450927734375,
    0.15306472778320312,
    0.04601478576660156,
    0.10228157043457031,
    77.75068283081055,
    3.6678314208984375,
    6.870746612548828,
    4.399776458740234,
    0.049114227294921875,
    0.058650970458984375,
    14.718770980834961,
    78.81450653076172,
    3.273487091064453,
    0.05078315734863281,
    3.302335739135742,
    18.13650131225586,
    2.141714096069336,
    0.030994415283203125,
    7.2689056396484375,
    0.682830810546875,
    87.48793601989746,
    32.49788284301758,
    4.87208366394043,
    3.5486221313476562,
    0.1995563507080078,
    0.20766258239746094,
    0.05793571472167969,
    0.047206878662109375,
    93.82939338684082,
    270.10655403137207,
    0.01621246337890625,
    0.16021728515625,
    3.386974334716797,
    3.7245750427246094,
    1.2791156768798828,
    0.8928775787353516,
    3.160238265991211,
    0.05888938903808594
  ],
  "end_time": 1770575872.390553,
  "total_time": 4.547086715698242,
  "events_after": {
    "low": 0,
    "high": 256,
    "max": 0,
    "oom": 0,
    "oom_kill": 0,
    "oom_group_kill": 0,
    "sock_throttled": 0
  },
  "events_delta": {
    "low": 0,
    "oom": 0,
    "max": 0,
    "oom_kill": 0,
    "oom_group_kill": 0,
    "high": 256,
    "sock_throttled": 0
  }
}