{
  "name": "LOW2",
  "trace_path": "/home/yunwei37/agentcgroup/experiments/all_images_haiku/sigmavirus24__github3.py-673/attempt_1/resources.json",
  "speed_factor": 50.0,
  "base_memory_mb": 100.0,
  "pid": 199927,
  "cgroup": "/sys/fs/cgroup/isolation_test/low_session_2",
  "events_before": {
    "low": 0,
    "high": 0,
    "max": 0,
    "oom": 0,
    "oom_kill": 0,
    "oom_group_kill": 0,
    "sock_throttled": 0
  },
  "trace_samples": 100,
  "trace_duration_sec": 102.71278190612793,
  "trace_mem_avg_mb": 211.29199959754945,
  "trace_mem_max_mb": 305.5,
  "start_time": 1770575867.8439832,
  "completion_time_sec": 2.07104754447937,
  "peak_memory_bytes": 425197568,
  "peak_memory_mb": 405.5,
  "oom_count": 0,
  "samples_processed": 100,
  "allocation_events_count": 68,
  "latency_stats": {
    "count": 55,
    "min_ms": 0.014543533325195312,
    "max_ms": 303.5907745361328,
    "avg_ms": 18.809500607577238,
    "p50_ms": 2.108335494995117,
    "p95_ms": 95.47758102416992,
    "p99_ms": 303.5907745361328
  },
  "allocation_latencies_ms": [
    15.801668167114258,
    221.88210487365723,
    9.357929229736328,
    3.0612945556640625,
    0.1385211944580078,
    0.47397613525390625,
    0.3204345703125,
    1.3499259948730469,
    2.108335494995117,
    0.12302398681640625,
    0.1957416534423828,
    21.52729034423828,
    3.827333450317383,
    2.6803016662597656,
    8.020401000976562,
    0.11372566223144531,
    0.021457672119140625,
    0.022411346435546875,
    0.1289844512939453,
    0.04744529724121094,
    0.10824203491210938,
    80.08146286010742,
    3.2172203063964844,
    5.675792694091797,
    2.2749900817871094,
    0.04744529724121094,
    0.11420249938964844,
    13.43846321105957,
    74.01108741760254,
    3.9772987365722656,
    0.04172325134277344,
    1.8379688262939453,
    15.512943267822266,
    0.6389617919921875,
    0.030755996704101562,
    7.60960578918457,
    1.5835762023925781,
    64.9564266204834,
    47.785043716430664,
    4.295587539672852,
    5.23066520690918,
    0.18596649169921875,
    0.19621849060058594,
    0.12159347534179688,
    0.19097328186035156,
    95.47758102416992,
    303.5907745361328,
    0.014543533325195312,
    0.10919570922851562,
    3.052949905395508,
    2.146005630493164,
    2.707958221435547,
    0.8363723754882812,
    2.1905899047851562,
    0.030040740966796875
  ],
  "end_time": 1770575872.3879333,
  "total_time": 4.543950080871582,
  "events_after": {
    "low": 0,
    "high": 257,
    "max": 0,
    "oom": 0,
    "oom_kill": 0,
    "oom_group_kill": 0,
    "sock_throttled": 0
  },
  "events_delta": {
    "low": 0,
    "oom_group_kill": 0,
    "oom_kill": 0,
    "max": 0,
    "oom": 0,
    "sock_throttled": 0,
    "high": 257
  }
}