{
  "name": "HIGH",
  "trace_path": "/home/yunwei37/agentcgroup/experiments/all_images_haiku/dask__dask-11628/attempt_1/resources.json",
  "speed_factor": 50.0,
  "base_memory_mb": 100.0,
  "pid": 200182,
  "cgroup": "/sys/fs/cgroup/isolation_test/high_session",
  "events_before": {
    "low": 0,
    "high": 0,
    "max": 0,
    "oom": 0,
    "oom_kill": 0,
    "oom_group_kill": 0,
    "sock_throttled": 0
  },
  "trace_samples": 95,
  "trace_duration_sec": 98.33840608596802,
  "trace_mem_avg_mb": 197.8943154184442,
  "trace_mem_max_mb": 320.8999996185303,
  "start_time": 1770575885.5408738,
  "completion_time_sec": 1.9674065113067627,
  "peak_memory_bytes": 441345638,
  "peak_memory_mb": 420.8999996185303,
  "oom_count": 0,
  "samples_processed": 95,
  "allocation_events_count": 81,
  "latency_stats": {
    "count": 61,
    "min_ms": 0.028848648071289062,
    "max_ms": 224.72429275512695,
    "avg_ms": 12.650130225009606,
    "p50_ms": 1.1038780212402344,
    "p95_ms": 49.74865913391113,
    "p99_ms": 224.72429275512695
  },
  "allocation_latencies_ms": [
    12.508869171142578,
    224.72429275512695,
    49.74865913391113,
    2.7985572814941406,
    1.184701919555664,
    4.943609237670898,
    6.133794784545898,
    1.0058879852294922,
    27.387142181396484,
    1.9536018371582031,
    0.3299713134765625,
    1.1477470397949219,
    0.9379386901855469,
    9.701967239379883,
    6.545782089233398,
    1.8417835235595703,
    2.2792816162109375,
    4.8580169677734375,
    6.943941116333008,
    0.042438507080078125,
    14.960765838623047,
    33.770084381103516,
    1.4247894287109375,
    11.990785598754883,
    6.01959228515625,
    0.13756752014160156,
    5.424737930297852,
    14.737844467163086,
    12.36581802368164,
    84.03158187866211,
    32.820940017700195,
    112.26487159729004,
    35.46905517578125,
    28.848648071289062,
    0.1499652862548828,
    0.240325927734375,
    0.17499923706054688,
    0.059604644775390625,
    0.2627372741699219,
    0.028848648071289062,
    0.030279159545898438,
    0.03337860107421875,
    0.09870529174804688,
    0.20241737365722656,
    0.4935264587402344,
    0.8051395416259766,
    0.047206878662109375,
    0.056743621826171875,
    0.2589225769042969,
    0.4787445068359375,
    0.029325485229492188,
    0.5645751953125,
    0.05626678466796875,
    1.1038780212402344,
    0.6382465362548828,
    0.10824203491210938,
    0.5295276641845703,
    2.8145313262939453,
    0.6031990051269531,
    0.3426074981689453,
    0.1609325408935547
  ],
  "end_time": 1770575887.6452303,
  "total_time": 2.104356527328491,
  "events_after": {
    "low": 0,
    "high": 0,
    "max": 0,
    "oom": 0,
    "oom_kill": 0,
    "oom_group_kill": 0,
    "sock_throttled": 0
  },
  "events_delta": {
    "oom_group_kill": 0,
    "high": 0,
    "max": 0,
    "low": 0,
    "sock_throttled": 0,
    "oom": 0,
    "oom_kill": 0
  }
}