{
  "name": "LOW1",
  "trace_path": "/home/yunwei37/agentcgroup/experiments/all_images_haiku/sigmavirus24__github3.py-673/attempt_1/resources.json",
  "speed_factor": 50.0,
  "base_memory_mb": 100.0,
  "pid": 200183,
  "cgroup": "/sys/fs/cgroup/isolation_test/low_session_1",
  "events_before": {
    "low": 0,
    "high": 0,
    "max": 0,
    "oom": 0,
    "oom_kill": 0,
    "oom_group_kill": 0,
    "sock_throttled": 0
  },
  "trace_samples": 100,
  "trace_duration_sec": 102.71278190612793,
  "trace_mem_avg_mb": 211.29199959754945,
  "trace_mem_max_mb": 305.5,
  "start_time": 1770575885.5405738,
  "completion_time_sec": 2.070448160171509,
  "peak_memory_bytes": 425197568,
  "peak_memory_mb": 405.5,
  "oom_count": 0,
  "samples_processed": 100,
  "allocation_events_count": 68,
  "latency_stats": {
    "count": 55,
    "min_ms": 0.0152587890625,
    "max_ms": 354.91466522216797,
    "avg_ms": 20.88711911981756,
    "p50_ms": 1.4469623565673828,
    "p95_ms": 130.75494766235352,
    "p99_ms": 354.91466522216797
  },
  "allocation_latencies_ms": [
    15.594959259033203,
    216.26043319702148,
    9.439468383789062,
    2.3870468139648438,
    0.08559226989746094,
    0.2129077911376953,
    0.2551078796386719,
    1.0919570922851562,
    2.0515918731689453,
    0.13327598571777344,
    0.1354217529296875,
    26.048660278320312,
    3.4470558166503906,
    2.1555423736572266,
    8.494138717651367,
    0.11086463928222656,
    0.016450881958007812,
    0.020265579223632812,
    0.10132789611816406,
    0.09322166442871094,
    0.23794174194335938,
    77.65579223632812,
    3.5643577575683594,
    5.624532699584961,
    2.246379852294922,
    0.04839897155761719,
    0.057697296142578125,
    15.927314758300781,
    78.32455635070801,
    5.842447280883789,
    0.04029273986816406,
    1.4469623565673828,
    12.972116470336914,
    2.042055130004883,
    0.029325485229492188,
    5.119800567626953,
    0.469207763671875,
    55.11188507080078,
    130.75494766235352,
    16.919612884521484,
    3.4804344177246094,
    0.17714500427246094,
    0.14400482177734375,
    0.05841255187988281,
    0.04696846008300781,
    75.04796981811523,
    354.91466522216797,
    0.0152587890625,
    0.10633468627929688,
    6.09278678894043,
    2.4046897888183594,
    1.0323524475097656,
    1.3201236724853516,
    1.3489723205566406,
    0.030517578125
  ],
  "end_time": 1770575889.8671167,
  "total_time": 4.326542854309082,
  "events_after": {
    "low": 0,
    "high": 291,
    "max": 0,
    "oom": 0,
    "oom_kill": 0,
    "oom_group_kill": 0,
    "sock_throttled": 0
  },
  "events_delta": {
    "sock_throttled": 0,
    "oom_kill": 0,
    "oom_group_kill": 0,
    "low": 0,
    "oom": 0,
    "max": 0,
    "high": 291
  }
}