{
  "name": "LOW2",
  "trace_path": "/home/yunwei37/agentcgroup/experiments/all_images_haiku/sigmavirus24__github3.py-673/attempt_1/resources.json",
  "speed_factor": 50.0,
  "base_memory_mb": 100.0,
  "pid": 200184,
  "cgroup": "/sys/fs/cgroup/isolation_test/low_session_2",
  "events_before": {
    "low": 0,
    "high": 0,
    "max": 0,
    "oom": 0,
    "oom_kill": 0,
    "oom_group_kill": 0,
    "sock_throttled": 0
  },
  "trace_samples": 100,
  "trace_duration_sec": 102.71278190612793,
  "trace_mem_avg_mb": 211.29199959754945,
  "trace_mem_max_mb": 305.5,
  "start_time": 1770575885.540602,
  "completion_time_sec": 2.0657479763031006,
  "peak_memory_bytes": 425197568,
  "peak_memory_mb": 405.5,
  "oom_count": 0,
  "samples_processed": 100,
  "allocation_events_count": 68,
  "latency_stats": {
    "count": 55,
    "min_ms": 0.016450881958007812,
    "max_ms": 342.50664710998535,
    "avg_ms": 21.628579226407137,
    "p50_ms": 1.7287731170654297,
    "p95_ms": 116.63269996643066,
    "p99_ms": 342.50664710998535
  },
  "allocation_latencies_ms": [
    14.059782028198242,
    225.78167915344238,
    12.66622543334961,
    3.3044815063476562,
    0.08296966552734375,
    0.22792816162109375,
    0.3590583801269531,
    1.1081695556640625,
    2.245664596557617,
    0.125885009765625,
    0.13875961303710938,
    22.63784408569336,
    3.802776336669922,
    2.9113292694091797,
    8.781194686889648,
    0.1277923583984375,
    0.0705718994140625,
    0.022649765014648438,
    0.12540817260742188,
    0.04863739013671875,
    0.10371208190917969,
    84.00416374206543,
    4.022836685180664,
    5.735874176025391,
    3.009319305419922,
    0.053882598876953125,
    0.05412101745605469,
    13.740301132202148,
    76.55930519104004,
    4.147529602050781,
    0.048160552978515625,
    1.5261173248291016,
    11.534452438354492,
    1.2514591217041016,
    0.030040740966796875,
    5.723714828491211,
    0.6678104400634766,
    116.63269996643066,
    90.37971496582031,
    5.500316619873047,
    5.019426345825195,
    0.14543533325195312,
    0.2911090850830078,
    0.05936622619628906,
    0.048160552978515625,
    105.9410572052002,
    342.50664710998535,
    0.016450881958007812,
    0.10776519775390625,
    4.77910041809082,
    2.7112960815429688,
    1.7287731170654297,
    0.8270740509033203,
    1.9276142120361328,
    0.10824203491210938
  ],
  "end_time": 1770575889.9007273,
  "total_time": 4.360125303268433,
  "events_after": {
    "low": 0,
    "high": 275,
    "max": 0,
    "oom": 0,
    "oom_kill": 0,
    "oom_group_kill": 0,
    "sock_throttled": 0
  },
  "events_delta": {
    "sock_throttled": 0,
    "oom": 0,
    "high": 275,
    "oom_kill": 0,
    "low": 0,
    "max": 0,
    "oom_group_kill": 0
  }
}