{
  "name": "HIGH",
  "trace_path": "/home/yunwei37/agentcgroup/experiments/all_images_haiku/dask__dask-11628/attempt_1/resources.json",
  "speed_factor": 50.0,
  "base_memory_mb": 100.0,
  "pid": 199606,
  "cgroup": "/sys/fs/cgroup/isolation_test/high_session",
  "events_before": {
    "low": 0,
    "high": 0,
    "max": 0,
    "oom": 0,
    "oom_kill": 0,
    "oom_group_kill": 0,
    "sock_throttled": 0
  },
  "trace_samples": 95,
  "trace_duration_sec": 98.33840608596802,
  "trace_mem_avg_mb": 197.8943154184442,
  "trace_mem_max_mb": 320.8999996185303,
  "start_time": 1770575843.3064458,
  "completion_time_sec": 1.967008352279663,
  "peak_memory_bytes": 441345638,
  "peak_memory_mb": 420.8999996185303,
  "oom_count": 0,
  "samples_processed": 95,
  "allocation_events_count": 81,
  "latency_stats": {
    "count": 61,
    "min_ms": 0.023365020751953125,
    "max_ms": 268.3699131011963,
    "avg_ms": 12.264392415031057,
    "p50_ms": 0.7774829864501953,
    "p95_ms": 45.914411544799805,
    "p99_ms": 268.3699131011963
  },
  "allocation_latencies_ms": [
    14.167308807373047,
    268.3699131011963,
    45.914411544799805,
    0.8909702301025391,
    0.4374980926513672,
    1.0745525360107422,
    3.1371116638183594,
    0.5197525024414062,
    17.840147018432617,
    1.4498233795166016,
    0.09679794311523438,
    0.6511211395263672,
    0.48351287841796875,
    3.9243698120117188,
    3.032684326171875,
    1.2624263763427734,
    1.9121170043945312,
    8.465766906738281,
    4.263401031494141,
    0.0438690185546875,
    4.7931671142578125,
    34.58666801452637,
    2.5169849395751953,
    8.646488189697266,
    2.4111270904541016,
    0.10180473327636719,
    3.9403438568115234,
    10.524511337280273,
    9.627819061279297,
    78.10187339782715,
    32.71341323852539,
    104.41970825195312,
    41.73111915588379,
    27.362823486328125,
    0.1423358917236328,
    0.1819133758544922,
    0.6380081176757812,
    0.05984306335449219,
    0.08177757263183594,
    0.06318092346191406,
    0.023365020751953125,
    0.031232833862304688,
    0.09942054748535156,
    0.1742839813232422,
    0.2856254577636719,
    0.1659393310546875,
    0.03457069396972656,
    0.04363059997558594,
    0.2739429473876953,
    0.2243518829345703,
    0.030040740966796875,
    0.3917217254638672,
    0.058650970458984375,
    0.6890296936035156,
    0.7774829864501953,
    0.080108642578125,
    1.659393310546875,
    1.1510848999023438,
    1.138925552368164,
    0.14066696166992188,
    0.07200241088867188
  ],
  "end_time": 1770575845.434859,
  "total_time": 2.128413200378418,
  "events_after": {
    "low": 0,
    "high": 0,
    "max": 0,
    "oom": 0,
    "oom_kill": 0,
    "oom_group_kill": 0,
    "sock_throttled": 0
  },
  "events_delta": {
    "oom_kill": 0,
    "low": 0,
    "oom_group_kill": 0,
    "oom": 0,
    "sock_throttled": 0,
    "max": 0,
    "high": 0
  }
}