{
  "name": "LOW1",
  "trace_path": "/home/yunwei37/agentcgroup/experiments/all_images_haiku/sigmavirus24__github3.py-673/attempt_1/resources.json",
  "speed_factor": 50.0,
  "base_memory_mb": 100.0,
  "pid": 199607,
  "cgroup": "/sys/fs/cgroup/isolation_test/low_session_1",
  "events_before": {
    "low": 0,
    "high": 0,
    "max": 0,
    "oom": 0,
    "oom_kill": 0,
    "oom_group_kill": 0,
    "sock_throttled": 0
  },
  "trace_samples": 100,
  "trace_duration_sec": 102.71278190612793,
  "trace_mem_avg_mb": 211.29199959754945,
  "trace_mem_max_mb": 305.5,
  "start_time": 1770575843.30378,
  "completion_time_sec": 2.0745112895965576,
  "peak_memory_bytes": 425197568,
  "peak_memory_mb": 405.5,
  "oom_count": 0,
  "samples_processed": 100,
  "allocation_events_count": 68,
  "latency_stats": {
    "count": 55,
    "min_ms": 0.0095367431640625,
    "max_ms": 252.49314308166504,
    "avg_ms": 19.424130699851297,
    "p50_ms": 1.5611648559570312,
    "p95_ms": 158.6620807647705,
    "p99_ms": 252.49314308166504
  },
  "allocation_latencies_ms": [
    16.499996185302734,
    252.49314308166504,
    16.64876937866211,
    2.2194385528564453,
    0.091552734375,
    0.255584716796875,
    3.771543502807617,
    0.8995532989501953,
    5.888700485229492,
    0.09822845458984375,
    0.10776519775390625,
    13.04173469543457,
    2.749919891357422,
    1.2488365173339844,
    8.111715316772461,
    0.11086463928222656,
    0.019311904907226562,
    0.017642974853515625,
    0.09846687316894531,
    0.0476837158203125,
    0.102996826171875,
    79.41579818725586,
    3.0367374420166016,
    4.72259521484375,
    2.2373199462890625,
    0.04673004150390625,
    0.06031990051269531,
    16.948699951171875,
    81.60686492919922,
    4.095792770385742,
    0.0400543212890625,
    1.54876708984375,
    12.849569320678711,
    0.6222724914550781,
    0.025272369384765625,
    8.424043655395508,
    1.338958740234375,
    158.6620807647705,
    110.86821556091309,
    11.06715202331543,
    7.841587066650391,
    0.1804828643798828,
    0.12922286987304688,
    0.08797645568847656,
    0.0553131103515625,
    163.1016731262207,
    64.93926048278809,
    0.0095367431640625,
    0.07319450378417969,
    3.210306167602539,
    2.0627975463867188,
    1.19781494140625,
    1.6987323760986328,
    1.5611648559570312,
    0.03743171691894531
  ],
  "end_time": 1770575845.5288239,
  "total_time": 2.225043773651123,
  "events_after": {
    "low": 0,
    "high": 0,
    "max": 0,
    "oom": 0,
    "oom_kill": 0,
    "oom_group_kill": 0,
    "sock_throttled": 0
  },
  "events_delta": {
    "low": 0,
    "max": 0,
    "oom": 0,
    "high": 0,
    "sock_throttled": 0,
    "oom_kill": 0,
    "oom_group_kill": 0
  }
}