{
  "name": "LOW2",
  "trace_path": "/home/yunwei37/agentcgroup/experiments/all_images_haiku/sigmavirus24__github3.py-673/attempt_1/resources.json",
  "speed_factor": 50.0,
  "base_memory_mb": 100.0,
  "pid": 199608,
  "cgroup": "/sys/fs/cgroup/isolation_test/low_session_2",
  "events_before": {
    "low": 0,
    "high": 0,
    "max": 0,
    "oom": 0,
    "oom_kill": 0,
    "oom_group_kill": 0,
    "sock_throttled": 0
  },
  "trace_samples": 100,
  "trace_duration_sec": 102.71278190612793,
  "trace_mem_avg_mb": 211.29199959754945,
  "trace_mem_max_mb": 305.5,
  "start_time": 1770575843.3056989,
  "completion_time_sec": 2.076174020767212,
  "peak_memory_bytes": 425197568,
  "peak_memory_mb": 405.5,
  "oom_count": 0,
  "samples_processed": 100,
  "allocation_events_count": 68,
  "latency_stats": {
    "count": 55,
    "min_ms": 0.015020370483398438,
    "max_ms": 281.83770179748535,
    "avg_ms": 18.073272705078125,
    "p50_ms": 1.7402172088623047,
    "p95_ms": 124.53818321228027,
    "p99_ms": 281.83770179748535
  },
  "allocation_latencies_ms": [
    15.692949295043945,
    281.83770179748535,
    10.175943374633789,
    1.8646717071533203,
    0.057220458984375,
    0.1914501190185547,
    1.1429786682128906,
    0.9088516235351562,
    1.7402172088623047,
    0.14829635620117188,
    0.14162063598632812,
    14.374494552612305,
    2.4864673614501953,
    1.5208721160888672,
    8.800029754638672,
    0.11587142944335938,
    0.0209808349609375,
    0.020265579223632812,
    0.10395050048828125,
    0.046253204345703125,
    0.4315376281738281,
    84.20634269714355,
    2.669095993041992,
    4.424333572387695,
    2.1359920501708984,
    0.10085105895996094,
    0.05602836608886719,
    19.086599349975586,
    80.18779754638672,
    2.559185028076172,
    0.043392181396484375,
    5.306005477905273,
    10.634899139404297,
    2.25067138671875,
    0.03528594970703125,
    5.56182861328125,
    1.5604496002197266,
    130.9356689453125,
    110.54730415344238,
    3.421783447265625,
    3.854513168334961,
    0.26726722717285156,
    0.1442432403564453,
    0.04506111145019531,
    0.06556510925292969,
    124.53818321228027,
    44.90852355957031,
    0.015020370483398438,
    0.0820159912109375,
    6.022453308105469,
    2.1457672119140625,
    1.4231204986572266,
    1.1475086212158203,
    1.7888545989990234,
    0.035762786865234375
  ],
  "end_time": 1770575845.5482008,
  "total_time": 2.242501974105835,
  "events_after": {
    "low": 0,
    "high": 0,
    "max": 0,
    "oom": 0,
    "oom_kill": 0,
    "oom_group_kill": 0,
    "sock_throttled": 0
  },
  "events_delta": {
    "oom_group_kill": 0,
    "sock_throttled": 0,
    "max": 0,
    "oom_kill": 0,
    "high": 0,
    "oom": 0,
    "low": 0
  }
}