{
  "name": "HIGH",
  "trace_path": "/home/yunwei37/agentcgroup/experiments/all_images_haiku/dask__dask-11628/attempt_1/resources.json",
  "speed_factor": 50.0,
  "base_memory_mb": 100.0,
  "pid": 200064,
  "cgroup": "/sys/fs/cgroup/isolation_test/high_session",
  "events_before": {
    "low": 0,
    "high": 0,
    "max": 0,
    "oom": 0,
    "oom_kill": 0,
    "oom_group_kill": 0,
    "sock_throttled": 0
  },
  "trace_samples": 95,
  "trace_duration_sec": 98.33840608596802,
  "trace_mem_avg_mb": 197.8943154184442,
  "trace_mem_max_mb": 320.8999996185303,
  "start_time": 1770575876.9512758,
  "completion_time_sec": 1.96705961227417,
  "peak_memory_bytes": 441345638,
  "peak_memory_mb": 420.8999996185303,
  "oom_count": 0,
  "samples_processed": 95,
  "allocation_events_count": 81,
  "latency_stats": {
    "count": 61,
    "min_ms": 0.03528594970703125,
    "max_ms": 157.38868713378906,
    "avg_ms": 9.124806669891857,
    "p50_ms": 0.6542205810546875,
    "p95_ms": 34.79957580566406,
    "p99_ms": 157.38868713378906
  },
  "allocation_latencies_ms": [
    10.02645492553711,
    157.38868713378906,
    34.79957580566406,
    0.7998943328857422,
    0.4258155822753906,
    1.0645389556884766,
    3.4906864166259766,
    0.6542205810546875,
    16.617774963378906,
    1.3990402221679688,
    0.11944770812988281,
    0.6060600280761719,
    0.4639625549316406,
    5.600214004516602,
    4.981279373168945,
    1.3086795806884766,
    1.569509506225586,
    3.68499755859375,
    5.493879318237305,
    0.041961669921875,
    9.148597717285156,
    20.288705825805664,
    3.4911632537841797,
    7.063865661621094,
    3.7560462951660156,
    0.08559226989746094,
    4.4498443603515625,
    11.17849349975586,
    20.49994468688965,
    80.91139793395996,
    18.543243408203125,
    77.95119285583496,
    24.27530288696289,
    17.290353775024414,
    0.09918212890625,
    0.14162063598632812,
    0.18072128295898438,
    0.15401840209960938,
    0.07915496826171875,
    0.040531158447265625,
    0.04076957702636719,
    0.043392181396484375,
    0.2129077911376953,
    0.21839141845703125,
    0.4982948303222656,
    0.3039836883544922,
    0.0362396240234375,
    0.04291534423828125,
    0.40078163146972656,
    0.33211708068847656,
    0.03528594970703125,
    0.5218982696533203,
    0.06747245788574219,
    0.766754150390625,
    0.4687309265136719,
    0.141143798828125,
    0.6625652313232422,
    0.8544921875,
    0.6518363952636719,
    0.09799003601074219,
    0.049591064453125
  ],
  "end_time": 1770575879.0237558,
  "total_time": 2.0724799633026123,
  "events_after": {
    "low": 0,
    "high": 0,
    "max": 0,
    "oom": 0,
    "oom_kill": 0,
    "oom_group_kill": 0,
    "sock_throttled": 0
  },
  "events_delta": {
    "oom_group_kill": 0,
    "oom_kill": 0,
    "sock_throttled": 0,
    "low": 0,
    "high": 0,
    "max": 0,
    "oom": 0
  }
}