{
  "name": "LOW1",
  "trace_path": "/home/yunwei37/agentcgroup/experiments/all_images_haiku/sigmavirus24__github3.py-673/attempt_1/resources.json",
  "speed_factor": 50.0,
  "base_memory_mb": 100.0,
  "pid": 200065,
  "cgroup": "/sys/fs/cgroup/isolation_test/low_session_1",
  "events_before": {
    "low": 0,
    "high": 0,
    "max": 0,
    "oom": 0,
    "oom_kill": 0,
    "oom_group_kill": 0,
    "sock_throttled": 0
  },
  "trace_samples": 100,
  "trace_duration_sec": 102.71278190612793,
  "trace_mem_avg_mb": 211.29199959754945,
  "trace_mem_max_mb": 305.5,
  "start_time": 1770575876.9198117,
  "completion_time_sec": 2.0802226066589355,
  "peak_memory_bytes": 425197568,
  "peak_memory_mb": 405.5,
  "oom_count": 0,
  "samples_processed": 100,
  "allocation_events_count": 68,
  "latency_stats": {
    "count": 55,
    "min_ms": 0.0171661376953125,
    "max_ms": 382.02857971191406,
    "avg_ms": 18.347245996648613,
    "p50_ms": 1.468658447265625,
    "p95_ms": 87.48555183410645,
    "p99_ms": 382.02857971191406
  },
  "allocation_latencies_ms": [
    17.743587493896484,
    178.5259246826172,
    9.838581085205078,
    2.016782760620117,
    0.07891654968261719,
    0.194549560546875,
    0.2930164337158203,
    1.0960102081298828,
    1.5485286712646484,
    0.13875961303710938,
    0.11467933654785156,
    14.798402786254883,
    2.408266067504883,
    2.344846725463867,
    4.963397979736328,
    0.1590251922607422,
    0.14138221740722656,
    0.025033950805664062,
    0.10204315185546875,
    0.05364418029785156,
    0.07367134094238281,
    62.57295608520508,
    1.9772052764892578,
    4.341602325439453,
    2.582073211669922,
    0.03695487976074219,
    0.04220008850097656,
    6.736040115356445,
    87.48555183410645,
    5.069494247436523,
    0.029802322387695312,
    1.5397071838378906,
    7.83228874206543,
    0.6620883941650391,
    0.186920166015625,
    4.875898361206055,
    0.4711151123046875,
    50.933122634887695,
    61.29646301269531,
    10.879755020141602,
    4.757165908813477,
    0.2186298370361328,
    0.14019012451171875,
    0.043392181396484375,
    0.03552436828613281,
    66.31302833557129,
    382.02857971191406,
    0.0171661376953125,
    0.21529197692871094,
    3.315448760986328,
    2.1991729736328125,
    1.1875629425048828,
    0.9167194366455078,
    1.468658447265625,
    0.03170967102050781
  ],
  "end_time": 1770575881.1548738,
  "total_time": 4.235062122344971,
  "events_after": {
    "low": 0,
    "high": 275,
    "max": 0,
    "oom": 0,
    "oom_kill": 0,
    "oom_group_kill": 0,
    "sock_throttled": 0
  },
  "events_delta": {
    "sock_throttled": 0,
    "oom": 0,
    "high": 275,
    "max": 0,
    "oom_kill": 0,
    "oom_group_kill": 0,
    "low": 0
  }
}