{
  "name": "LOW2",
  "trace_path": "/home/yunwei37/agentcgroup/experiments/all_images_haiku/sigmavirus24__github3.py-673/attempt_1/resources.json",
  "speed_factor": 50.0,
  "base_memory_mb": 100.0,
  "pid": 200066,
  "cgroup": "/sys/fs/cgroup/isolation_test/low_session_2",
  "events_before": {
    "low": 0,
    "high": 0,
    "max": 0,
    "oom": 0,
    "oom_kill": 0,
    "oom_group_kill": 0,
    "sock_throttled": 0
  },
  "trace_samples": 100,
  "trace_duration_sec": 102.71278190612793,
  "trace_mem_avg_mb": 211.29199959754945,
  "trace_mem_max_mb": 305.5,
  "start_time": 1770575876.9511485,
  "completion_time_sec": 2.067657947540283,
  "peak_memory_bytes": 425197568,
  "peak_memory_mb": 405.5,
  "oom_count": 0,
  "samples_processed": 100,
  "allocation_events_count": 68,
  "latency_stats": {
    "count": 55,
    "min_ms": 0.012874603271484375,
    "max_ms": 353.43050956726074,
    "avg_ms": 17.238005724820223,
    "p50_ms": 1.4050006866455078,
    "p95_ms": 72.21794128417969,
    "p99_ms": 353.43050956726074
  },
  "allocation_latencies_ms": [
    15.210390090942383,
    167.9372787475586,
    8.785724639892578,
    2.274751663208008,
    0.10132789611816406,
    0.3955364227294922,
    0.28014183044433594,
    0.8542537689208984,
    1.6107559204101562,
    0.13589859008789062,
    0.21004676818847656,
    12.412071228027344,
    2.6903152465820312,
    1.4050006866455078,
    8.61811637878418,
    0.15211105346679688,
    0.015974044799804688,
    0.012874603271484375,
    0.07271766662597656,
    0.03552436828613281,
    0.0705718994140625,
    56.40840530395508,
    2.142667770385742,
    3.682851791381836,
    1.8088817596435547,
    0.03743171691894531,
    0.0629425048828125,
    16.99042320251465,
    72.21794128417969,
    1.889944076538086,
    0.027179718017578125,
    1.4874935150146484,
    9.984493255615234,
    1.0046958923339844,
    0.021696090698242188,
    7.788181304931641,
    0.37217140197753906,
    58.99238586425781,
    51.01823806762695,
    4.987955093383789,
    2.7570724487304688,
    0.2961158752441406,
    0.13971328735351562,
    0.0476837158203125,
    0.03647804260253906,
    67.94524192810059,
    353.43050956726074,
    0.01621246337890625,
    0.148773193359375,
    2.568960189819336,
    2.9480457305908203,
    1.148223876953125,
    0.8790493011474609,
    1.4536380767822266,
    0.06723403930664062
  ],
  "end_time": 1770575881.1583173,
  "total_time": 4.207168817520142,
  "events_after": {
    "low": 0,
    "high": 257,
    "max": 0,
    "oom": 0,
    "oom_kill": 0,
    "oom_group_kill": 0,
    "sock_throttled": 0
  },
  "events_delta": {
    "oom_kill": 0,
    "oom": 0,
    "sock_throttled": 0,
    "oom_group_kill": 0,
    "high": 257,
    "max": 0,
    "low": 0
  }
}