{
  "name": "HIGH",
  "trace_path": "/home/yunwei37/agentcgroup/experiments/all_images_haiku/dask__dask-11628/attempt_1/resources.json",
  "speed_factor": 50.0,
  "base_memory_mb": 100.0,
  "pid": 199681,
  "cgroup": "/sys/fs/cgroup/isolation_test/high_session",
  "events_before": {
    "low": 0,
    "high": 0,
    "max": 0,
    "oom": 0,
    "oom_kill": 0,
    "oom_group_kill": 0,
    "sock_throttled": 0
  },
  "trace_samples": 95,
  "trace_duration_sec": 98.33840608596802,
  "trace_mem_avg_mb": 197.8943154184442,
  "trace_mem_max_mb": 320.8999996185303,
  "start_time": 1770575847.8216293,
  "completion_time_sec": 1.9672267436981201,
  "peak_memory_bytes": 441345638,
  "peak_memory_mb": 420.8999996185303,
  "oom_count": 0,
  "samples_processed": 95,
  "allocation_events_count": 81,
  "latency_stats": {
    "count": 61,
    "min_ms": 0.013828277587890625,
    "max_ms": 162.12058067321777,
    "avg_ms": 12.420853630441133,
    "p50_ms": 0.7832050323486328,
    "p95_ms": 106.86874389648438,
    "p99_ms": 162.12058067321777
  },
  "allocation_latencies_ms": [
    12.842178344726562,
    162.12058067321777,
    44.06023025512695,
    0.9858608245849609,
    0.423431396484375,
    1.3637542724609375,
    2.847909927368164,
    0.5180835723876953,
    14.380455017089844,
    1.1751651763916016,
    0.09942054748535156,
    0.690460205078125,
    1.2731552124023438,
    4.282951354980469,
    4.302978515625,
    0.6248950958251953,
    1.0395050048828125,
    3.9520263671875,
    4.089117050170898,
    0.03314018249511719,
    8.375406265258789,
    23.48947525024414,
    1.2729167938232422,
    8.233070373535156,
    3.4813880920410156,
    0.11515617370605469,
    3.8862228393554688,
    11.432886123657227,
    22.696733474731445,
    116.0423755645752,
    47.800540924072266,
    106.86874389648438,
    113.19255828857422,
    20.694732666015625,
    0.12421607971191406,
    0.3898143768310547,
    0.09417533874511719,
    0.038623809814453125,
    0.06532669067382812,
    0.013828277587890625,
    0.01430511474609375,
    0.014066696166992188,
    0.08511543273925781,
    0.13780593872070312,
    0.3211498260498047,
    0.1392364501953125,
    0.034809112548828125,
    0.04363059997558594,
    0.32973289489746094,
    0.3628730773925781,
    0.03528594970703125,
    0.4940032958984375,
    0.4031658172607422,
    0.7832050323486328,
    1.1131763458251953,
    0.08034706115722656,
    0.7827281951904297,
    1.2226104736328125,
    1.4963150024414062,
    0.23365020751953125,
    0.13136863708496094
  ],
  "end_time": 1770575849.957627,
  "total_time": 2.135997772216797,
  "events_after": {
    "low": 0,
    "high": 0,
    "max": 0,
    "oom": 0,
    "oom_kill": 0,
    "oom_group_kill": 0,
    "sock_throttled": 0
  },
  "events_delta": {
    "oom_group_kill": 0,
    "low": 0,
    "oom_kill": 0,
    "oom": 0,
    "sock_throttled": 0,
    "high": 0,
    "max": 0
  }
}