{
  "name": "LOW1",
  "trace_path": "/home/yunwei37/agentcgroup/experiments/all_images_haiku/sigmavirus24__github3.py-673/attempt_1/resources.json",
  "speed_factor": 50.0,
  "base_memory_mb": 100.0,
  "pid": 199682,
  "cgroup": "/sys/fs/cgroup/isolation_test/low_session_1",
  "events_before": {
    "low": 0,
    "high": 0,
    "max": 0,
    "oom": 0,
    "oom_kill": 0,
    "oom_group_kill": 0,
    "sock_throttled": 0
  },
  "trace_samples": 100,
  "trace_duration_sec": 102.71278190612793,
  "trace_mem_avg_mb": 211.29199959754945,
  "trace_mem_max_mb": 305.5,
  "start_time": 1770575847.8264854,
  "completion_time_sec": 2.075629234313965,
  "peak_memory_bytes": 425197568,
  "peak_memory_mb": 405.5,
  "oom_count": 0,
  "samples_processed": 100,
  "allocation_events_count": 68,
  "latency_stats": {
    "count": 55,
    "min_ms": 0.01049041748046875,
    "max_ms": 286.36789321899414,
    "avg_ms": 18.03388162092729,
    "p50_ms": 1.7101764678955078,
    "p95_ms": 139.20211791992188,
    "p99_ms": 286.36789321899414
  },
  "allocation_latencies_ms": [
    13.263463973999023,
    168.45011711120605,
    8.642435073852539,
    3.3283233642578125,
    0.6532669067382812,
    0.7696151733398438,
    0.21696090698242188,
    0.87738037109375,
    1.7101764678955078,
    1.2068748474121094,
    0.13637542724609375,
    12.906789779663086,
    3.2918453216552734,
    1.840829849243164,
    5.96165657043457,
    0.08034706115722656,
    0.016450881958007812,
    0.0171661376953125,
    0.07772445678710938,
    0.08225440979003906,
    0.10132789611816406,
    286.36789321899414,
    3.193378448486328,
    4.36711311340332,
    3.1278133392333984,
    0.08869171142578125,
    0.10919570922851562,
    8.117198944091797,
    117.51103401184082,
    3.5467147827148438,
    0.1823902130126953,
    3.2892227172851562,
    7.217168807983398,
    0.7784366607666016,
    0.02765655517578125,
    4.174709320068359,
    0.3325939178466797,
    61.51938438415527,
    139.20211791992188,
    10.260820388793945,
    6.49571418762207,
    0.12612342834472656,
    0.14328956604003906,
    0.11038780212402344,
    0.052928924560546875,
    69.04911994934082,
    29.111862182617188,
    0.01049041748046875,
    0.12683868408203125,
    2.638578414916992,
    2.809286117553711,
    0.9837150573730469,
    1.7366409301757812,
    1.3935565948486328,
    0.030040740966796875
  ],
  "end_time": 1770575850.072754,
  "total_time": 2.2462685108184814,
  "events_after": {
    "low": 0,
    "high": 0,
    "max": 0,
    "oom": 0,
    "oom_kill": 0,
    "oom_group_kill": 0,
    "sock_throttled": 0
  },
  "events_delta": {
    "oom_group_kill": 0,
    "oom": 0,
    "max": 0,
    "oom_kill": 0,
    "high": 0,
    "low": 0,
    "sock_throttled": 0
  }
}