{
  "name": "LOW2",
  "trace_path": "/home/yunwei37/agentcgroup/experiments/all_images_haiku/sigmavirus24__github3.py-673/attempt_1/resources.json",
  "speed_factor": 50.0,
  "base_memory_mb": 100.0,
  "pid": 199683,
  "cgroup": "/sys/fs/cgroup/isolation_test/low_session_2",
  "events_before": {
    "low": 0,
    "high": 0,
    "max": 0,
    "oom": 0,
    "oom_kill": 0,
    "oom_group_kill": 0,
    "sock_throttled": 0
  },
  "trace_samples": 100,
  "trace_duration_sec": 102.71278190612793,
  "trace_mem_avg_mb": 211.29199959754945,
  "trace_mem_max_mb": 305.5,
  "start_time": 1770575847.8153257,
  "completion_time_sec": 2.0645506381988525,
  "peak_memory_bytes": 425197568,
  "peak_memory_mb": 405.5,
  "oom_count": 0,
  "samples_processed": 100,
  "allocation_events_count": 68,
  "latency_stats": {
    "count": 55,
    "min_ms": 0.0171661376953125,
    "max_ms": 247.88141250610352,
    "avg_ms": 18.710764971646395,
    "p50_ms": 1.7094612121582031,
    "p95_ms": 161.53454780578613,
    "p99_ms": 247.88141250610352
  },
  "allocation_latencies_ms": [
    14.90163803100586,
    161.53454780578613,
    14.257669448852539,
    1.7273426055908203,
    0.07152557373046875,
    4.533529281616211,
    0.20551681518554688,
    0.8623600006103516,
    2.254009246826172,
    0.17213821411132812,
    0.133514404296875,
    15.374898910522461,
    2.085447311401367,
    1.3265609741210938,
    8.224010467529297,
    0.13589859008789062,
    0.0171661376953125,
    0.023126602172851562,
    0.11420249938964844,
    0.035762786865234375,
    0.17690658569335938,
    247.88141250610352,
    3.0126571655273438,
    3.6363601684570312,
    1.8458366394042969,
    0.16021728515625,
    0.05173683166503906,
    11.41500473022461,
    182.49082565307617,
    4.764318466186523,
    0.04363059997558594,
    1.4495849609375,
    8.435249328613281,
    0.5850791931152344,
    0.01811981201171875,
    4.445075988769531,
    0.4684925079345703,
    68.93086433410645,
    107.09309577941895,
    15.270709991455078,
    16.28875732421875,
    0.12683868408203125,
    0.23794174194335938,
    0.12469291687011719,
    0.37550926208496094,
    76.68757438659668,
    34.5613956451416,
    0.020265579223632812,
    0.3752708435058594,
    3.0875205993652344,
    2.313852310180664,
    1.7476081848144531,
    1.7094612121582031,
    1.214742660522461,
    0.05459785461425781
  ],
  "end_time": 1770575850.053948,
  "total_time": 2.2386221885681152,
  "events_after": {
    "low": 0,
    "high": 0,
    "max": 0,
    "oom": 0,
    "oom_kill": 0,
    "oom_group_kill": 0,
    "sock_throttled": 0
  },
  "events_delta": {
    "sock_throttled": 0,
    "high": 0,
    "oom_kill": 0,
    "oom": 0,
    "max": 0,
    "low": 0,
    "oom_group_kill": 0
  }
}